thisN,thisTrialN,thisRepN,key_resp.keys,key_resp.corr,key_resp.rt,key_resp.duration,tilt,trials.thisRepN,trials.thisTrialN,trials.thisN,trials.thisIndex,thisRow.t,notes,trial.started,fixation.started,key_resp.started,fixation.stopped,trial.stopped,trials.key_resp.keys,trials.key_resp.corr,trials.key_resp.rt,trials.key_resp.duration,trials.tilt,participant,session,date,expName,expVersion,psychopyVersion,frameRate,expStart,
0,0,0,up,1,0.41963509999914095,None,0,0,0,0,0,0.0059231000050203875,,0.0028922000055899844,0.0059231000050203875,1.0126053999993019,1.0163051999988966,1.5659510999976192,up,1,0.41963509999914095,None,0,subject 1 ,"001",2025-09-05_16h18.05.291,Orientation discrimination trial run,,2025.2.0,60.00085201509375,2025-09-05 16h18.05.354429 +0530,
1,0,1,up,1,0.5687615999922855,None,0,1,0,1,0,1.5682708000094863,,1.5662777000106871,1.5682708000094863,2.5655052000074647,2.581875600008061,3.1490755999984685,up,1,0.5687615999922855,None,0,subject 1 ,"001",2025-09-05_16h18.05.291,Orientation discrimination trial run,,2025.2.0,60.00085201509375,2025-09-05 16h18.05.354429 +0530,
2,0,2,up,1,0.5696161999949254,None,0,2,0,2,0,3.165071800001897,,3.1495064000046114,3.165071800001897,4.164477099999203,4.164477099999203,4.747952000005171,up,1,0.5696161999949254,None,0,subject 1 ,"001",2025-09-05_16h18.05.291,Orientation discrimination trial run,,2025.2.0,60.00085201509375,2025-09-05 16h18.05.354429 +0530,
3,0,3,up,0,0.38738000000012107,None,2,3,0,3,0,4.7640188000077615,,4.7483893000026,4.7640188000077615,5.763415900000837,5.763415900000837,6.1638557000114815,up,0,0.38738000000012107,None,2,subject 1 ,"001",2025-09-05_16h18.05.291,Orientation discrimination trial run,,2025.2.0,60.00085201509375,2025-09-05 16h18.05.354429 +0530,
4,0,4,down,1,0.48392410000087693,None,3,4,0,4,0,6.179788499997812,,6.164354200009257,6.179788499997812,7.17921080000815,7.17921080000815,7.679571600005147,down,1,0.48392410000087693,None,3,subject 1 ,"001",2025-09-05_16h18.05.291,Orientation discrimination trial run,,2025.2.0,60.00085201509375,2025-09-05 16h18.05.354429 +0530,
5,0,5,up,1,0.5690171000023838,None,0,5,0,5,0,7.695529400007217,,7.679966700001387,7.695529400007217,8.694791200003237,8.694791200003237,9.278313300004811,up,1,0.5690171000023838,None,0,subject 1 ,"001",2025-09-05_16h18.05.291,Orientation discrimination trial run,,2025.2.0,60.00085201509375,2025-09-05 16h18.05.354429 +0530,
6,0,6,up,1,0.508637799997814,None,0,6,0,6,0,9.29438590000791,,9.278701800009003,9.29438590000791,10.293834700001753,10.293834700001753,10.810817000005045,up,1,0.508637799997814,None,0,subject 1 ,"001",2025-09-05_16h18.05.291,Orientation discrimination trial run,,2025.2.0,60.00085201509375,2025-09-05 16h18.05.354429 +0530,
7,0,7,up,1,0.48797930000000633,None,0,7,0,7,0,10.826817000008305,,10.811275200001546,10.826817000008305,11.826198100010515,11.826198100010515,12.326506800003699,up,1,0.48797930000000633,None,0,subject 1 ,"001",2025-09-05_16h18.05.291,Orientation discrimination trial run,,2025.2.0,60.00085201509375,2025-09-05 16h18.05.354429 +0530,
8,0,8,up,0,0.5606925999891246,None,1,8,0,8,0,12.342477199999848,,12.32692720000341,12.342477199999848,13.341953000010108,13.341953000010108,13.908852900000056,up,0,0.5606925999891246,None,1,subject 1 ,"001",2025-09-05_16h18.05.291,Orientation discrimination trial run,,2025.2.0,60.00085201509375,2025-09-05 16h18.05.354429 +0530,
9,0,9,up,0,0.46829750000324566,None,-5,9,0,9,0,13.924777000007452,,13.909322100007557,13.924777000007452,14.924275299999863,14.924275299999863,15.407803200010676,up,0,0.46829750000324566,None,-5,subject 1 ,"001",2025-09-05_16h18.05.291,Orientation discrimination trial run,,2025.2.0,60.00085201509375,2025-09-05 16h18.05.354429 +0530,
10,0,10,down,1,0.40789780000341125,None,3,10,0,10,0,15.423892999999225,,15.40826010001183,15.423892999999225,16.42322989999957,16.42322989999957,16.84025570000813,down,1,0.40789780000341125,None,3,subject 1 ,"001",2025-09-05_16h18.05.291,Orientation discrimination trial run,,2025.2.0,60.00085201509375,2025-09-05 16h18.05.354429 +0530,
11,0,11,up,1,0.6927916999993613,None,0,11,0,11,0,16.85642430000007,,16.840690400000312,16.85642430000007,17.855771700007608,17.855771700007608,18.555949600005988,up,1,0.6927916999993613,None,0,subject 1 ,"001",2025-09-05_16h18.05.291,Orientation discrimination trial run,,2025.2.0,60.00085201509375,2025-09-05 16h18.05.354429 +0530,
12,0,12,up,1,0.5827299999946263,None,0,12,0,12,0,18.571875100009493,,18.55636990000494,18.571875100009493,19.57129610000993,19.57129610000993,20.15514410000469,up,1,0.5827299999946263,None,0,subject 1 ,"001",2025-09-05_16h18.05.291,Orientation discrimination trial run,,2025.2.0,60.00085201509375,2025-09-05 16h18.05.354429 +0530,
13,0,13,down,1,0.645662099996116,None,-3,13,0,13,0,20.17087580000225,,20.1556125000061,20.17087580000225,21.170226000002003,21.170226000002003,21.82034430000931,down,1,0.645662099996116,None,-3,subject 1 ,"001",2025-09-05_16h18.05.291,Orientation discrimination trial run,,2025.2.0,60.00085201509375,2025-09-05 16h18.05.354429 +0530,
14,0,14,up,0,0.5346903000026941,None,4,14,0,14,0,21.83642160000454,,21.820825100003276,21.83642160000454,22.8359277999989,22.8359277999989,23.386238200007938,up,0,0.5346903000026941,None,4,subject 1 ,"001",2025-09-05_16h18.05.291,Orientation discrimination trial run,,2025.2.0,60.00085201509375,2025-09-05 16h18.05.354429 +0530,
15,0,15,up,1,0.62119169998914,None,0,15,0,15,0,23.402225300000282,,23.386704900010955,23.402225300000282,24.40164180001011,24.40164180001011,25.035246500003268,up,1,0.62119169998914,None,0,subject 1 ,"001",2025-09-05_16h18.05.291,Orientation discrimination trial run,,2025.2.0,60.00085201509375,2025-09-05 16h18.05.354429 +0530,
16,0,16,down,0,0.5625092999980552,None,0,16,0,16,0,25.051227000003564,,25.035665200004587,25.051227000003564,26.05058690000442,26.05058690000442,26.617303400009405,down,0,0.5625092999980552,None,0,subject 1 ,"001",2025-09-05_16h18.05.291,Orientation discrimination trial run,,2025.2.0,60.00085201509375,2025-09-05 16h18.05.354429 +0530,
17,0,17,up,1,0.4584134000033373,None,0,17,0,17,0,26.633426500004134,,26.617690500002936,26.633426500004134,27.632987600009074,27.632987600009074,28.099919700005557,up,1,0.4584134000033373,None,0,subject 1 ,"001",2025-09-05_16h18.05.291,Orientation discrimination trial run,,2025.2.0,60.00085201509375,2025-09-05 16h18.05.354429 +0530,
18,0,18,up,1,0.38452769999275915,None,0,18,0,18,0,28.115883300008136,,28.100392300009844,28.115883300008136,29.115233800010174,29.115233800010174,29.515566200003377,up,1,0.38452769999275915,None,0,subject 1 ,"001",2025-09-05_16h18.05.291,Orientation discrimination trial run,,2025.2.0,60.00085201509375,2025-09-05 16h18.05.354429 +0530,
19,0,19,up,1,0.383687400011695,None,0,19,0,19,0,29.531701100000646,,29.515985300007742,29.531701100000646,30.531154700001935,30.531154700001935,30.931408400007058,up,1,0.383687400011695,None,0,subject 1 ,"001",2025-09-05_16h18.05.291,Orientation discrimination trial run,,2025.2.0,60.00085201509375,2025-09-05 16h18.05.354429 +0530,
20,0,20,up,0,0.31945949999499135,None,1,20,0,20,0,30.947475699998904,,30.931844799997634,30.947475699998904,31.946890600011102,31.946890600011102,32.28058970000711,up,0,0.31945949999499135,None,1,subject 1 ,"001",2025-09-05_16h18.05.291,Orientation discrimination trial run,,2025.2.0,60.00085201509375,2025-09-05 16h18.05.354429 +0530,
21,0,21,down,1,0.7062613000016427,None,-4,21,0,21,0,32.2963851000095,,32.28103930001089,32.2963851000095,33.296054000005824,33.296054000005824,34.01278020000609,down,1,0.7062613000016427,None,-4,subject 1 ,"001",2025-09-05_16h18.05.291,Orientation discrimination trial run,,2025.2.0,60.00085201509375,2025-09-05 16h18.05.354429 +0530,
22,0,22,up,1,0.5266164999920875,None,0,22,0,22,0,34.028906600011396,,34.013208900010795,34.028906600011396,35.028070400003344,35.028070400003344,35.56171550000727,up,1,0.5266164999920875,None,0,subject 1 ,"001",2025-09-05_16h18.05.291,Orientation discrimination trial run,,2025.2.0,60.00085201509375,2025-09-05 16h18.05.354429 +0530,
23,0,23,down,1,0.8465240999939851,None,4,23,0,23,0,35.57788160000928,,35.56222500000149,35.57788160000928,36.57725670000946,36.57725670000946,37.42722050000157,down,1,0.8465240999939851,None,4,subject 1 ,"001",2025-09-05_16h18.05.291,Orientation discrimination trial run,,2025.2.0,60.00085201509375,2025-09-05 16h18.05.354429 +0530,
24,0,24,up,0,0.5934466000035172,None,-3,24,0,24,0,37.443347899999935,,37.42766320001101,37.443347899999935,38.44269200001145,38.44269200001145,39.04296710000199,up,0,0.5934466000035172,None,-3,subject 1 ,"001",2025-09-05_16h18.05.291,Orientation discrimination trial run,,2025.2.0,60.00085201509375,2025-09-05 16h18.05.354429 +0530,
25,0,25,up,1,0.9085177999950247,None,0,25,0,25,0,39.058901700002025,,39.04342400000314,39.058901700002025,40.05815950001124,40.05815950001124,40.97474410000723,up,1,0.9085177999950247,None,0,subject 1 ,"001",2025-09-05_16h18.05.291,Orientation discrimination trial run,,2025.2.0,60.00085201509375,2025-09-05 16h18.05.354429 +0530,
26,0,26,down,1,0.5989722000085749,None,4,26,0,26,0,40.99087990001135,,40.97515720000956,40.99087990001135,41.990492700002505,41.990492700002505,42.5906501999998,down,1,0.5989722000085749,None,4,subject 1 ,"001",2025-09-05_16h18.05.291,Orientation discrimination trial run,,2025.2.0,60.00085201509375,2025-09-05 16h18.05.354429 +0530,
27,0,27,up,0,0.5825955000036629,None,-4,27,0,27,0,42.606603899999755,,42.59108209999977,42.606603899999755,43.60604559999774,43.60604559999774,44.18966730000102,up,0,0.5825955000036629,None,-4,subject 1 ,"001",2025-09-05_16h18.05.291,Orientation discrimination trial run,,2025.2.0,60.00085201509375,2025-09-05 16h18.05.354429 +0530,
28,0,28,down,1,0.7352536999969743,None,-4,28,0,28,0,44.205447500004084,,44.190084200003184,44.205447500004084,45.204925800004276,45.204925800004276,45.95507370000996,down,1,0.7352536999969743,None,-4,subject 1 ,"001",2025-09-05_16h18.05.291,Orientation discrimination trial run,,2025.2.0,60.00085201509375,2025-09-05 16h18.05.354429 +0530,
29,0,29,up,1,0.7626231999893207,None,0,29,0,29,0,45.97118130000308,,45.955510500003584,45.97118130000308,46.97063480000361,46.97063480000361,47.73719320000964,up,1,0.7626231999893207,None,0,subject 1 ,"001",2025-09-05_16h18.05.291,Orientation discrimination trial run,,2025.2.0,60.00085201509375,2025-09-05 16h18.05.354429 +0530,
30,0,30,down,1,1.1640588000009302,None,3,30,0,30,0,47.75334789999761,,47.737618900006055,47.75334789999761,48.75280090000888,48.75280090000888,49.919215000001714,down,1,1.1640588000009302,None,3,subject 1 ,"001",2025-09-05_16h18.05.291,Orientation discrimination trial run,,2025.2.0,60.00085201509375,2025-09-05 16h18.05.354429 +0530,
31,0,31,down,1,0.6126714999991236,None,4,31,0,31,0,49.935459700005595,,49.91978320000635,49.935459700005595,50.93473580000864,50.93473580000864,51.551583699998446,down,1,0.6126714999991236,None,4,subject 1 ,"001",2025-09-05_16h18.05.291,Orientation discrimination trial run,,2025.2.0,60.00085201509375,2025-09-05 16h18.05.354429 +0530,
32,0,32,up,0,0.5462998000002699,None,-4,32,0,32,0,51.56772099999944,,51.552103100009845,51.56772099999944,52.567084000009345,52.567084000009345,53.11732800000755,up,0,0.5462998000002699,None,-4,subject 1 ,"001",2025-09-05_16h18.05.291,Orientation discrimination trial run,,2025.2.0,60.00085201509375,2025-09-05 16h18.05.354429 +0530,
33,0,33,down,0,0.5450802999985171,None,0,33,0,33,0,53.13338480000675,,53.11774650000734,53.13338480000675,54.13278369999898,54.13278369999898,54.6830939000065,down,0,0.5450802999985171,None,0,subject 1 ,"001",2025-09-05_16h18.05.291,Orientation discrimination trial run,,2025.2.0,60.00085201509375,2025-09-05 16h18.05.354429 +0530,
34,0,34,up,0,0.2934834000043338,None,-3,34,0,34,0,54.69883310000296,,54.68379680000362,54.69883310000296,55.69836690000375,55.69836690000375,55.99882810001145,up,0,0.2934834000043338,None,-3,subject 1 ,"001",2025-09-05_16h18.05.291,Orientation discrimination trial run,,2025.2.0,60.00085201509375,2025-09-05 16h18.05.354429 +0530,
35,0,35,down,1,0.4493073000048753,None,-2,35,0,35,0,56.01474660000531,,55.99941170000238,56.01474660000531,57.014283099997556,57.014283099997556,57.464680900011444,down,1,0.4493073000048753,None,-2,subject 1 ,"001",2025-09-05_16h18.05.291,Orientation discrimination trial run,,2025.2.0,60.00085201509375,2025-09-05 16h18.05.354429 +0530,
36,0,36,down,0,0.358777999994345,None,0,36,0,36,0,57.4806161000015,,57.46511040000769,57.4806161000015,58.47992740001064,58.47992740001064,58.846864899998764,down,0,0.358777999994345,None,0,subject 1 ,"001",2025-09-05_16h18.05.291,Orientation discrimination trial run,,2025.2.0,60.00085201509375,2025-09-05 16h18.05.354429 +0530,
37,0,37,up,1,0.2688698999991175,None,0,37,0,37,0,58.86298260001058,,58.847306000010576,58.86298260001058,59.86204510000243,59.878958500004956,60.146200100003625,up,1,0.2688698999991175,None,0,subject 1 ,"001",2025-09-05_16h18.05.291,Orientation discrimination trial run,,2025.2.0,60.00085201509375,2025-09-05 16h18.05.354429 +0530,
38,0,38,up,0,0.02910810000321362,None,2,38,0,38,0,60.16214330001094,,60.14681879999989,60.16214330001094,61.161647100001574,61.161647100001574,61.195582600004855,up,0,0.02910810000321362,None,2,subject 1 ,"001",2025-09-05_16h18.05.291,Orientation discrimination trial run,,2025.2.0,60.00085201509375,2025-09-05 16h18.05.354429 +0530,
39,0,39,up,1,0.28349649999290705,None,0,39,0,39,0,61.21152589999838,,61.1960196,61.21152589999838,62.210845100009465,62.210845100009465,62.49498360000143,up,1,0.28349649999290705,None,0,subject 1 ,"001",2025-09-05_16h18.05.291,Orientation discrimination trial run,,2025.2.0,60.00085201509375,2025-09-05 16h18.05.354429 +0530,
40,0,40,up,1,0.2671963000029791,None,0,40,0,40,0,62.51074860000517,,62.495389200004865,62.51074860000517,63.510037300002296,63.510037300002296,63.79365750000579,up,1,0.2671963000029791,None,0,subject 1 ,"001",2025-09-05_16h18.05.291,Orientation discrimination trial run,,2025.2.0,60.00085201509375,2025-09-05 16h18.05.354429 +0530,
41,0,41,down,1,0.09884900000179186,None,3,41,0,41,0,63.80990360000578,,63.79411560000153,63.80990360000578,64.80931550000969,64.80931550000969,64.90980809999746,down,1,0.09884900000179186,None,3,subject 1 ,"001",2025-09-05_16h18.05.291,Orientation discrimination trial run,,2025.2.0,60.00085201509375,2025-09-05 16h18.05.354429 +0530,
42,0,42,up,0,0.25588369999604765,None,-3,42,0,42,0,64.92587170000479,,64.91027849999955,64.92587170000479,65.92530840000836,65.92530840000836,66.1922898000048,up,0,0.25588369999604765,None,-3,subject 1 ,"001",2025-09-05_16h18.05.291,Orientation discrimination trial run,,2025.2.0,60.00085201509375,2025-09-05 16h18.05.354429 +0530,
43,0,43,up,0,0.4456910000008065,None,-3,43,0,43,0,66.20838290000393,,66.1927524000057,66.20838290000393,67.20763220000663,67.20763220000663,67.65804480000224,up,0,0.4456910000008065,None,-3,subject 1 ,"001",2025-09-05_16h18.05.291,Orientation discrimination trial run,,2025.2.0,60.00085201509375,2025-09-05 16h18.05.354429 +0530,
44,0,44,up,1,0.3150082000065595,None,0,44,0,44,0,67.67413090000628,,67.65844300000754,67.67413090000628,68.67353400000138,68.67353400000138,68.9902182000078,up,1,0.3150082000065595,None,0,subject 1 ,"001",2025-09-05_16h18.05.291,Orientation discrimination trial run,,2025.2.0,60.00085201509375,2025-09-05 16h18.05.354429 +0530,
45,0,45,down,1,0.4493293999985326,None,1,45,0,45,0,69.00649130000966,,68.99065669999982,69.00649130000966,70.00600180000765,70.00600180000765,70.45618990001094,down,1,0.4493293999985326,None,1,subject 1 ,"001",2025-09-05_16h18.05.291,Orientation discrimination trial run,,2025.2.0,60.00085201509375,2025-09-05 16h18.05.354429 +0530,
46,0,46,up,1,0.6661459000024479,None,0,46,0,46,0,70.47227160001057,,70.45658240000193,70.47227160001057,71.47174360000645,71.47174360000645,72.15502510000078,up,1,0.6661459000024479,None,0,subject 1 ,"001",2025-09-05_16h18.05.291,Orientation discrimination trial run,,2025.2.0,60.00085201509375,2025-09-05 16h18.05.354429 +0530,
47,0,47,up,1,0.6709974999976112,None,0,47,0,47,0,72.17128220001177,,72.15548220000346,72.17128220001177,73.17058040000848,73.17058040000848,73.85415220000141,up,1,0.6709974999976112,None,0,subject 1 ,"001",2025-09-05_16h18.05.291,Orientation discrimination trial run,,2025.2.0,60.00085201509375,2025-09-05 16h18.05.354429 +0530,
48,0,48,up,1,0.5853790000110166,None,0,48,0,48,0,73.87014280000585,,73.85457120000501,73.87014280000585,74.86964119999902,74.86964119999902,75.46994039999845,up,1,0.5853790000110166,None,0,subject 1 ,"001",2025-09-05_16h18.05.291,Orientation discrimination trial run,,2025.2.0,60.00085201509375,2025-09-05 16h18.05.354429 +0530,
49,0,49,down,1,0.5477960999996867,None,3,49,0,49,0,75.48575180000626,,75.47039529999893,75.48575180000626,76.4851786000072,76.4851786000072,77.03510439999809,down,1,0.5477960999996867,None,3,subject 1 ,"001",2025-09-05_16h18.05.291,Orientation discrimination trial run,,2025.2.0,60.00085201509375,2025-09-05 16h18.05.354429 +0530,
50,0,50,up,1,0.5906685000081779,None,0,50,0,50,0,77.05152320000343,,77.03551490000973,77.05152320000343,78.03423560000374,78.05096020000929,78.63432969999849,up,1,0.5906685000081779,None,0,subject 1 ,"001",2025-09-05_16h18.05.291,Orientation discrimination trial run,,2025.2.0,60.00085201509375,2025-09-05 16h18.05.354429 +0530,
51,0,51,up,1,0.43376770000031684,None,0,51,0,51,0,78.6505007000087,,78.63475290000497,78.6505007000087,79.64992280000297,79.64992280000297,80.10025160000077,up,1,0.43376770000031684,None,0,subject 1 ,"001",2025-09-05_16h18.05.291,Orientation discrimination trial run,,2025.2.0,60.00085201509375,2025-09-05 16h18.05.354429 +0530,
52,0,52,up,1,0.6055692000081763,None,0,52,0,52,0,80.11625820001063,,80.10067350001191,80.11625820001063,81.1156142000109,81.1156142000109,81.73235230000864,up,1,0.6055692000081763,None,0,subject 1 ,"001",2025-09-05_16h18.05.291,Orientation discrimination trial run,,2025.2.0,60.00085201509375,2025-09-05 16h18.05.354429 +0530,
53,0,53,up,1,0.848334900001646,None,0,53,0,53,0,81.7485491999978,,81.73273860001063,81.7485491999978,82.74794400000246,82.74794400000246,83.5978199000092,up,1,0.848334900001646,None,0,subject 1 ,"001",2025-09-05_16h18.05.291,Orientation discrimination trial run,,2025.2.0,60.00085201509375,2025-09-05 16h18.05.354429 +0530,
54,0,54,up,0,0.7655947000021115,None,1,54,0,54,0,83.61403320000682,,83.59829730000638,83.61403320000682,84.61341420000826,84.61341420000826,85.3801489000034,up,0,0.7655947000021115,None,1,subject 1 ,"001",2025-09-05_16h18.05.291,Orientation discrimination trial run,,2025.2.0,60.00085201509375,2025-09-05 16h18.05.354429 +0530,
55,0,55,up,1,0.5850725000054808,None,0,55,0,55,0,85.39623320000828,,85.38055580000218,85.39623320000828,86.39562900000601,86.39562900000601,86.9957379999978,up,1,0.5850725000054808,None,0,subject 1 ,"001",2025-09-05_16h18.05.291,Orientation discrimination trial run,,2025.2.0,60.00085201509375,2025-09-05 16h18.05.354429 +0530,
56,0,56,down,1,0.5965155000012601,None,4,56,0,56,0,87.01178840000648,,86.99620380000852,87.01178840000648,88.01123770000413,88.01123770000413,88.61141209999914,down,1,0.5965155000012601,None,4,subject 1 ,"001",2025-09-05_16h18.05.291,Orientation discrimination trial run,,2025.2.0,60.00085201509375,2025-09-05 16h18.05.354429 +0530,
57,0,57,up,1,0.6418110999948112,None,0,57,0,57,0,88.62699670001166,,88.61172400000214,88.62699670001166,89.62681750000047,89.62681750000047,90.27714250001009,up,1,0.6418110999948112,None,0,subject 1 ,"001",2025-09-05_16h18.05.291,Orientation discrimination trial run,,2025.2.0,60.00085201509375,2025-09-05 16h18.05.354429 +0530,
58,0,58,up,1,0.5002402999962214,None,0,58,0,58,0,90.29302720000851,,90.27755880000768,90.29302720000851,91.29253160000371,91.29253160000371,91.80950830000802,up,1,0.5002402999962214,None,0,subject 1 ,"001",2025-09-05_16h18.05.291,Orientation discrimination trial run,,2025.2.0,60.00085201509375,2025-09-05 16h18.05.354429 +0530,
59,0,59,up,1,0.3580431000009412,None,0,59,0,59,0,91.82538790001126,,91.80993280000985,91.82538790001126,92.82478390001052,92.82478390001052,93.19180450000567,up,1,0.3580431000009412,None,0,subject 1 ,"001",2025-09-05_16h18.05.291,Orientation discrimination trial run,,2025.2.0,60.00085201509375,2025-09-05 16h18.05.354429 +0530,
60,0,60,down,1,0.5579763999994611,None,-5,60,0,60,0,93.20792320001055,,93.1923012000043,93.20792320001055,94.20730809999804,94.20730809999804,94.77417879999848,down,1,0.5579763999994611,None,-5,subject 1 ,"001",2025-09-05_16h18.05.291,Orientation discrimination trial run,,2025.2.0,60.00085201509375,2025-09-05 16h18.05.354429 +0530,
61,0,61,down,1,0.7823801000049571,None,-4,61,0,61,0,94.79024810000556,,94.77465820001089,94.79024810000556,95.78967110000667,95.78967110000667,96.57322780000686,down,1,0.7823801000049571,None,-4,subject 1 ,"001",2025-09-05_16h18.05.291,Orientation discrimination trial run,,2025.2.0,60.00085201509375,2025-09-05 16h18.05.354429 +0530,
62,0,62,down,1,0.7657466000091517,None,-4,62,0,62,0,96.58908990000782,,96.57367700000759,96.58908990000782,97.58853140000429,97.58853140000429,98.35539880000579,down,1,0.7657466000091517,None,-4,subject 1 ,"001",2025-09-05_16h18.05.291,Orientation discrimination trial run,,2025.2.0,60.00085201509375,2025-09-05 16h18.05.354429 +0530,
63,0,63,up,1,0.5769863000023179,None,0,63,0,63,0,98.37120740000682,,98.35582100000465,98.37120740000682,99.37063980000676,99.37063980000676,99.9543590000103,up,1,0.5769863000023179,None,0,subject 1 ,"001",2025-09-05_16h18.05.291,Orientation discrimination trial run,,2025.2.0,60.00085201509375,2025-09-05 16h18.05.354429 +0530,
64,0,64,up,0,0.5652985000051558,None,-2,64,0,64,0,99.97023279999848,,99.95486170001095,99.97023279999848,100.96963220000907,100.96963220000907,101.5364358000079,up,0,0.5652985000051558,None,-2,subject 1 ,"001",2025-09-05_16h18.05.291,Orientation discrimination trial run,,2025.2.0,60.00085201509375,2025-09-05 16h18.05.354429 +0530,
65,0,65,up,0,0.45051239999884274,None,-4,65,0,65,0,101.55261990000145,,101.53688900000998,101.55261990000145,102.55199610001,102.55199610001,103.01882019999903,up,0,0.45051239999884274,None,-4,subject 1 ,"001",2025-09-05_16h18.05.291,Orientation discrimination trial run,,2025.2.0,60.00085201509375,2025-09-05 16h18.05.354429 +0530,
66,0,66,up,1,0.8046943999943323,None,0,66,0,66,0,103.0349908000062,,103.01932450001186,103.0349908000062,104.0344316999981,104.0344316999981,104.85119800000393,up,1,0.8046943999943323,None,0,subject 1 ,"001",2025-09-05_16h18.05.291,Orientation discrimination trial run,,2025.2.0,60.00085201509375,2025-09-05 16h18.05.354429 +0530,
67,0,67,up,1,0.6344337000045925,None,0,67,0,67,0,104.867095900001,,104.85162909999781,104.867095900001,105.86652740000864,105.86652740000864,106.51666690000275,up,1,0.6344337000045925,None,0,subject 1 ,"001",2025-09-05_16h18.05.291,Orientation discrimination trial run,,2025.2.0,60.00085201509375,2025-09-05 16h18.05.354429 +0530,
68,0,68,down,1,0.7211746999964816,None,1,68,0,68,0,106.5327924000012,,106.51718490000349,106.5327924000012,107.5321183000051,107.5321183000051,108.26557400000456,down,1,0.7211746999964816,None,1,subject 1 ,"001",2025-09-05_16h18.05.291,Orientation discrimination trial run,,2025.2.0,60.00085201509375,2025-09-05 16h18.05.354429 +0530,
69,0,69,up,1,0.6198505000065779,None,0,69,0,69,0,108.28163379999751,,108.26600160000089,108.28163379999751,109.2809852000064,109.2809852000064,109.91452220000792,up,1,0.6198505000065779,None,0,subject 1 ,"001",2025-09-05_16h18.05.291,Orientation discrimination trial run,,2025.2.0,60.00085201509375,2025-09-05 16h18.05.354429 +0530,
70,0,70,up,1,0.6796288999903481,None,0,70,0,70,0,109.93061760001001,,109.91495370000484,109.93061760001001,110.93000320000283,110.93000320000283,111.61341220000759,up,1,0.6796288999903481,None,0,subject 1 ,"001",2025-09-05_16h18.05.291,Orientation discrimination trial run,,2025.2.0,60.00085201509375,2025-09-05 16h18.05.354429 +0530,
71,0,71,up,1,0.8291165999980876,None,0,71,0,71,0,111.62952820000646,,111.61386579999817,111.62952820000646,112.62893260001147,112.62893260001147,113.46231990000524,up,1,0.8291165999980876,None,0,subject 1 ,"001",2025-09-05_16h18.05.291,Orientation discrimination trial run,,2025.2.0,60.00085201509375,2025-09-05 16h18.05.354429 +0530,
72,0,72,down,0,0.4014076000021305,None,0,72,0,72,0,113.47838330001105,,113.46275770000648,113.47838330001105,114.47770400000445,114.47770400000445,114.8947865000082,down,0,0.4014076000021305,None,0,subject 1 ,"001",2025-09-05_16h18.05.291,Orientation discrimination trial run,,2025.2.0,60.00085201509375,2025-09-05 16h18.05.354429 +0530,
73,0,73,down,0,0.5370753000024706,None,0,73,0,73,0,114.91058510000585,,114.89526520000072,114.91058510000585,115.91011620000063,115.91011620000063,116.46024910001142,down,0,0.5370753000024706,None,0,subject 1 ,"001",2025-09-05_16h18.05.291,Orientation discrimination trial run,,2025.2.0,60.00085201509375,2025-09-05 16h18.05.354429 +0530,
74,0,74,up,1,0.4672167999960948,None,0,74,0,74,0,116.47652399999788,,116.4607657000015,116.47652399999788,117.47589020000305,117.47589020000305,117.95943400000397,up,1,0.4672167999960948,None,0,subject 1 ,"001",2025-09-05_16h18.05.291,Orientation discrimination trial run,,2025.2.0,60.00085201509375,2025-09-05 16h18.05.354429 +0530,
75,0,75,up,0,0.49122119999083225,None,-3,75,0,75,0,117.97551390000444,,117.95989779999945,117.97551390000444,118.97488230001181,118.97488230001181,119.47503890001099,up,0,0.49122119999083225,None,-3,subject 1 ,"001",2025-09-05_16h18.05.291,Orientation discrimination trial run,,2025.2.0,60.00085201509375,2025-09-05 16h18.05.354429 +0530,
76,0,76,up,0,0.5632594999915455,None,-4,76,0,76,0,119.49118350000936,,119.47550830000546,119.49118350000936,120.4906517000054,120.4906517000054,121.05747020000126,up,0,0.5632594999915455,None,-4,subject 1 ,"001",2025-09-05_16h18.05.291,Orientation discrimination trial run,,2025.2.0,60.00085201509375,2025-09-05 16h18.05.354429 +0530,
77,0,77,down,1,0.7212735999928555,None,-4,77,0,77,0,121.07343380000384,,121.05795310001122,121.07343380000384,122.07298150000861,122.07298150000861,122.8063797000068,down,1,0.7212735999928555,None,-4,subject 1 ,"001",2025-09-05_16h18.05.291,Orientation discrimination trial run,,2025.2.0,60.00085201509375,2025-09-05 16h18.05.354429 +0530,
78,0,78,up,1,0.7327126000018325,None,0,78,0,78,0,122.82243559999915,,122.80682940001134,122.82243559999915,123.82184750000306,123.82184750000306,124.55544830000144,up,1,0.7327126000018325,None,0,subject 1 ,"001",2025-09-05_16h18.05.291,Orientation discrimination trial run,,2025.2.0,60.00085201509375,2025-09-05 16h18.05.354429 +0530,
79,0,79,down,1,1.1071104000002379,None,1,79,0,79,0,124.57134200001019,,124.55590360000497,124.57134200001019,125.57072410000546,125.57072410000546,126.68731750000734,down,1,1.1071104000002379,None,1,subject 1 ,"001",2025-09-05_16h18.05.291,Orientation discrimination trial run,,2025.2.0,60.00085201509375,2025-09-05 16h18.05.354429 +0530,
80,0,80,up,0,0.8074155999929644,None,-5,80,0,80,0,126.70321750000585,,126.68778320000274,126.70321750000585,127.70243170000322,127.70243170000322,128.51939250000578,up,0,0.8074155999929644,None,-5,subject 1 ,"001",2025-09-05_16h18.05.291,Orientation discrimination trial run,,2025.2.0,60.00085201509375,2025-09-05 16h18.05.354429 +0530,
81,0,81,up,1,0.6972912999917753,None,0,81,0,81,0,128.53544350000448,,128.51980410001124,128.53544350000448,129.53489860000263,129.53489860000263,130.23525650000374,up,1,0.6972912999917753,None,0,subject 1 ,"001",2025-09-05_16h18.05.291,Orientation discrimination trial run,,2025.2.0,60.00085201509375,2025-09-05 16h18.05.354429 +0530,
82,0,82,down,1,0.4296145999978762,None,-4,82,0,82,0,130.25093639999977,,130.23569960000168,130.25093639999977,131.25029950001044,131.25029950001044,131.6842120000074,down,1,0.4296145999978762,None,-4,subject 1 ,"001",2025-09-05_16h18.05.291,Orientation discrimination trial run,,2025.2.0,60.00085201509375,2025-09-05 16h18.05.354429 +0530,
83,0,83,up,1,0.600276400000439,None,0,83,0,83,0,131.70006640000793,,131.68462929999805,131.70006640000793,132.69941349999863,132.69941349999863,133.31633810000494,up,1,0.600276400000439,None,0,subject 1 ,"001",2025-09-05_16h18.05.291,Orientation discrimination trial run,,2025.2.0,60.00085201509375,2025-09-05 16h18.05.354429 +0530,
84,0,84,up,1,0.4373496000043815,None,0,84,0,84,0,133.33221069999854,,133.31671220000135,133.33221069999854,134.33180440000433,134.33180440000433,134.78216000000248,up,1,0.4373496000043815,None,0,subject 1 ,"001",2025-09-05_16h18.05.291,Orientation discrimination trial run,,2025.2.0,60.00085201509375,2025-09-05 16h18.05.354429 +0530,
85,0,85,up,1,0.4485934999975143,None,0,85,0,85,0,134.79804980001063,,134.78258050000295,134.79804980001063,135.79749810000067,135.79749810000067,136.24762819999887,up,1,0.4485934999975143,None,0,subject 1 ,"001",2025-09-05_16h18.05.291,Orientation discrimination trial run,,2025.2.0,60.00085201509375,2025-09-05 16h18.05.354429 +0530,
86,0,86,down,1,0.30978129999130033,None,3,86,0,86,0,136.26391530000546,,136.2480954000057,136.26391530000546,137.2632023000042,137.2632023000042,137.58033630000136,down,1,0.30978129999130033,None,3,subject 1 ,"001",2025-09-05_16h18.05.291,Orientation discrimination trial run,,2025.2.0,60.00085201509375,2025-09-05 16h18.05.354429 +0530,
87,0,87,down,1,0.29957900001318194,None,4,87,0,87,0,137.59626310000021,,137.58078420000675,137.59626310000021,138.59570299999905,138.59570299999905,138.8960197999986,down,1,0.29957900001318194,None,4,subject 1 ,"001",2025-09-05_16h18.05.291,Orientation discrimination trial run,,2025.2.0,60.00085201509375,2025-09-05 16h18.05.354429 +0530,
88,0,88,down,1,0.2599036000028718,None,-4,88,0,88,0,138.91213920000882,,138.89647900000273,138.91213920000882,139.91154529999767,139.91154529999767,140.17872930000885,down,1,0.2599036000028718,None,-4,subject 1 ,"001",2025-09-05_16h18.05.291,Orientation discrimination trial run,,2025.2.0,60.00085201509375,2025-09-05 16h18.05.354429 +0530,
89,0,89,down,1,0.4165505999990273,None,2,89,0,89,0,140.1944802000071,,140.17917499999749,140.1944802000071,141.19392390000576,141.19392390000576,141.6112781999982,down,1,0.4165505999990273,None,2,subject 1 ,"001",2025-09-05_16h18.05.291,Orientation discrimination trial run,,2025.2.0,60.00085201509375,2025-09-05 16h18.05.354429 +0530,
90,0,90,up,0,0.4173072000121465,None,-3,90,0,90,0,141.6271790000028,,141.61172820000502,141.6271790000028,142.6263256000093,142.6263256000093,143.06022910001047,up,0,0.4173072000121465,None,-3,subject 1 ,"001",2025-09-05_16h18.05.291,Orientation discrimination trial run,,2025.2.0,60.00085201509375,2025-09-05 16h18.05.354429 +0530,
91,0,91,up,0,0.4289744999987306,None,-3,91,0,91,0,143.0762595999986,,143.06070510001155,143.0762595999986,144.07561559999886,144.07561559999886,144.50925180000195,up,0,0.4289744999987306,None,-3,subject 1 ,"001",2025-09-05_16h18.05.291,Orientation discrimination trial run,,2025.2.0,60.00085201509375,2025-09-05 16h18.05.354429 +0530,
92,0,92,down,0,0.4789659000089159,None,0,92,0,92,0,144.52528060000623,,144.5096382000047,144.52528060000623,145.52469050000946,145.52469050000946,146.00813970000308,down,0,0.4789659000089159,None,0,subject 1 ,"001",2025-09-05_16h18.05.291,Orientation discrimination trial run,,2025.2.0,60.00085201509375,2025-09-05 16h18.05.354429 +0530,
93,0,93,down,0,0.33299819999956526,None,0,93,0,93,0,146.02432589999808,,146.00856610000483,146.02432589999808,147.02380470000207,147.02380470000207,147.35755820000486,down,0,0.33299819999956526,None,0,subject 1 ,"001",2025-09-05_16h18.05.291,Orientation discrimination trial run,,2025.2.0,60.00085201509375,2025-09-05 16h18.05.354429 +0530,
94,0,94,up,1,0.24184069999319036,None,0,94,0,94,0,147.37334289999853,,147.35796510000364,147.37334289999853,148.3728076999978,148.3728076999978,148.62336800000048,up,1,0.24184069999319036,None,0,subject 1 ,"001",2025-09-05_16h18.05.291,Orientation discrimination trial run,,2025.2.0,60.00085201509375,2025-09-05 16h18.05.354429 +0530,
95,0,95,up,1,0.21379850000084843,None,0,95,0,95,0,148.63927450000483,,148.623786199998,148.63927450000483,149.63870870000392,149.63870870000392,149.85598639999807,up,1,0.21379850000084843,None,0,subject 1 ,"001",2025-09-05_16h18.05.291,Orientation discrimination trial run,,2025.2.0,60.00085201509375,2025-09-05 16h18.05.354429 +0530,
96,0,96,up,0,0.39753530001326,None,-4,96,0,96,0,149.871922300008,,149.8564430000115,149.871922300008,150.8712998000119,150.8712998000119,151.2715293000074,up,0,0.39753530001326,None,-4,subject 1 ,"001",2025-09-05_16h18.05.291,Orientation discrimination trial run,,2025.2.0,60.00085201509375,2025-09-05 16h18.05.354429 +0530,
97,0,97,down,1,0.5526873000053456,None,4,97,0,97,0,151.28757460000634,,151.27201700001024,151.28757460000634,152.28695439999865,152.28695439999865,152.8540284000046,down,1,0.5526873000053456,None,4,subject 1 ,"001",2025-09-05_16h18.05.291,Orientation discrimination trial run,,2025.2.0,60.00085201509375,2025-09-05 16h18.05.354429 +0530,
98,0,98,down,1,0.39027059999352787,None,2,98,0,98,0,152.86998920000042,,152.85458579999977,152.86998920000042,153.86941800000204,153.86941800000204,154.26973280000675,down,1,0.39027059999352787,None,2,subject 1 ,"001",2025-09-05_16h18.05.291,Orientation discrimination trial run,,2025.2.0,60.00085201509375,2025-09-05 16h18.05.354429 +0530,
99,0,99,down,1,0.4488192999997409,None,2,99,0,99,0,154.2857215999975,,154.2701662000036,154.2857215999975,155.2850049999979,155.2850049999979,155.73515290000068,down,1,0.4488192999997409,None,2,subject 1 ,"001",2025-09-05_16h18.05.291,Orientation discrimination trial run,,2025.2.0,60.00085201509375,2025-09-05 16h18.05.354429 +0530,
